politics,Gavinist,Noob,Szabian,Walchian,Zamfirist
Crypto-ancap,4.587155963302752,0.22935779816513763,10.091743119266056,0.6880733944954129,3.669724770642202
Crypto-leftist,2.981651376146789,0.0,0.6880733944954129,2.7522935779816518,4.587155963302752
Crypto-libertarian,17.889908256880734,0.6880733944954129,7.110091743119266,2.981651376146789,13.073394495412844
DAOist,7.110091743119266,0.0,1.834862385321101,2.522935779816514,5.963302752293578
True neutral,3.211009174311927,0.6880733944954129,0.9174311926605505,0.6880733944954129,5.045871559633028
